<?xml version="1.0" encoding="UTF-8"?>
<jcr:root xmlns:cq="http://www.day.com/jcr/cq/1.0" xmlns:jcr="http://www.jcp.org/jcr/1.0" xmlns:nt="http://www.jcp.org/jcr/nt/1.0"
    jcr:primaryType="cq:Dialog"
    xtype="dialog">
    <items
        jcr:primaryType="cq:Widget"
        xtype="tabpanel">
        <items jcr:primaryType="cq:WidgetCollection">
            <tab1
                jcr:primaryType="cq:Panel"
                title="Tab 1">
                <items jcr:primaryType="cq:WidgetCollection">
                    <disclaimer
                        jcr:primaryType="cq:Widget"
                        fieldLabel="Disclaimer"
                        name="./disclaimer"
                        xtype="richtext">
                        <rtePlugins jcr:primaryType="nt:unstructured">
                            <format
                                jcr:primaryType="nt:unstructured"
                                features="bold,italic"/>
                            <justify
                                jcr:primaryType="nt:unstructured"
                                features="justifyleft,justifycenter,justifyright"/>
                            <lists
                                jcr:primaryType="nt:unstructured"
                                features="ordered,unordered"/>
                            <links
                                jcr:primaryType="nt:unstructured"
                                features="modifylink,unlink"/>
                            <edit
                                jcr:primaryType="nt:unstructured"
                                features="paste-plaintext"/>
                            <misctools
                                jcr:primaryType="nt:unstructured"
                                features="[specialchars,sourceedit]"/>
                        </rtePlugins>
                    </disclaimer>
                </items>
            </tab1>
        </items>
    </items>
</jcr:root>
